,TR (AÃ‘OS),2,5,10,20,50,100,500,1000,10000
0,5,80.41344977865775,106.13526868990967,125.59307355140905,151.78726657116994,191.34100803858968,221.26225838525846,290.73725019934716,320.6585005460159,420.0547427067733
1,10,60.18434582577494,79.4354891218757,93.99841684128477,118.29030759955879,149.11518738419278,172.43330877358682,226.57630994761493,249.89443133700897,327.3555539004311
2,15,49.05314206760156,64.74375154603777,76.61323940934939,98.29741019997712,123.91240701622051,143.28940408233245,188.28139796468778,207.65839503079977,272.0273859792671
3,20,41.97093739211196,55.396164814974256,65.5519573083672,84.83180835428654,106.93784854894189,123.6604224015983,162.4890364489101,179.2116103015665,234.76279820153476
4,25,37.003446941906795,48.83972512611246,57.79352392196468,75.06103414385045,94.62094062263897,109.4174386730531,143.77384320225573,158.5703412526699,207.72324383228664
5,30,33.29058028549155,43.93922525608915,51.99461420786489,67.60263794745656,85.21898564441913,98.54523823341765,129.48783851937876,142.81409110837728,187.08294398333692
6,35,30.389837925173268,40.110623564953954,47.46411402890312,61.69610048162225,77.77328312759752,89.93520230319776,118.17430412477326,130.3362233003735,170.7372442975492
7,40,28.048624314123664,37.02052686653856,43.807509144254176,56.88608703802629,71.7098441991069,82.92358359870991,108.96108015939357,120.17481955899657,157.42605551928324
8,45,26.111341249307127,34.463565821108006,40.781779802718354,52.8821800111704,66.662572290747,77.08703662649499,101.29189324181958,111.71635757756758,146.34567852864018
9,50,24.47642569475623,32.30569046387359,38.22830062655756,49.48981314930248,62.386199775123856,72.14193964909956,94.79406614889666,104.54980602287236,136.95767239664514
10,55,23.074499707210478,30.455330955842303,36.038714255718936,46.57340323663532,58.709812254950535,67.89065126219573,89.20789928775615,98.38873829500133,128.88682532780695
11,60,21.856401221775936,28.847599781539678,34.1362373305884,44.03537288160198,55.51040496911661,64.19093164215957,84.34649040271717,93.02701707576014,121.86310250936071
12,65,20.786225891539395,27.435107884567064,32.464792947425344,41.80358102767011,52.69703786191326,60.937619839385604,80.0716586511011,88.31224062857342,115.68686141776126
13,70,19.837080387401794,26.182359577104194,30.98237798524844,39.82346134032887,50.200925338302575,58.051173803487,76.27888626664516,84.12913473182958,110.20709566017217
14,75,18.988383280453494,25.06219005657936,29.65684751156249,38.052924149796006,47.9690097207463,55.47023887935285,72.88755360890971,80.38878276751626,105.30732665567967
15,80,18.2240896147506,24.053422073230106,28.463141846207783,36.458946726199436,45.9596629954812,53.146677407253186,69.83440808830696,77.02142250007891,100.89616759290467
16,85,17.531488163777183,23.139278465457735,27.381408066431515,35.01523096253635,44.13973411883217,51.042154297044114,67.06907763155189,73.97149780976385,96.90084132248356
17,90,16.90036556646205,22.306278928356747,26.39569451972091,33.70055627265671,42.48247270233223,49.1257360262907,64.5509157799247,71.19417910388317,93.26262218147565
18,95,16.322412291780413,21.543455964444693,25.493023034587914,32.497597249072726,40.96603856789347,47.37216712478923,62.246737000505725,68.65286555740148,89.93356399001375
19,100,15.790792044662574,20.84178655560628,24.662716400791314,31.392059260503544,39.57241209357654,45.76061012394673,60.129160987389945,66.31735901776014,86.87410791157352
20,105,15.299824110255393,20.193772898937294,23.895902241380014,30.3720360594138,38.286584422203674,44.27370913299534,58.17538220657689,64.16250691736855,84.05130470174176
21,110,14.844745296783092,19.59312820236084,23.185141205142468,29.427525291907365,37.095946719578954,42.89688359150843,56.36624189110951,62.16717876303898,81.43747393456954
22,115,14.42152898338381,19.034537851365755,22.524144347984628,28.55005819221952,35.98982337229378,41.61778847028058,54.68551874834165,60.313483846328445,79.00917922237629
23,120,14.026745797014062,18.513475520686686,21.907555532319186,27.732413098645676,34.9591108497195,40.4258966597976,53.11938022094953,58.586166031027645,76.74643540225769
24,125,13.657455080681853,18.026059926523104,21.330781917633736,26.968391349880797,33.99599520191558,39.31217229143691,51.65595323299303,56.97213032251437,74.63208835359181
25,130,13.311119440322987,17.568942039558173,20.78986049624472,26.252640190154043,33.093728816199416,38.268812583995626,50.284984977837205,55.460068745633414,72.6513249072712
26,135,12.985536800414117,17.13921540722721,20.28135197492533,25.580511508980056,32.246452346356804,37.28904192680197,48.9975723446239,54.04016192506906,70.79128192333616
27,140,12.678785891391579,16.734344204218303,19.80225563488677,24.947948188400176,31.449051443486997,36.366946206621414,47.78594422484265,52.70383898797707,69.04073176933274
28,145,12.389182147573434,16.352105023479904,19.349940451316957,24.351391928731214,30.697040562368258,35.49733844406033,46.643284959389455,51.44358284108153,67.38982723810271
29,150,12.115241750852206,15.990539418583491,18.92208893532289,23.78770793692841,29.986468024610666,34.67564901082037,45.56359008471235,50.252771070922066,65.82989313102375
30,155,11.855652104486163,15.64791493297796,18.516651018668707,23.25412296591474,29.313837911859242,33.89783530882871,44.5415476517427,49.12554504871218,64.35325478859565
31,160,11.609247424431057,15.322692883730161,18.13180593130142,22.74817400806647,28.676045389484706,33.16030698006942,43.57243995207238,48.05670154265709,62.953096105244775
32,165,11.374988434823894,15.013501562210937,17.765930488912183,22.267665553555936,28.070322827019282,32.459863601517895,42.65206164947986,47.041602423978475,61.623341246439054
33,170,11.151945378500088,14.719113810193008,17.417572558054683,21.81063378156928,27.49419465808236,31.793642486216573,41.77665119086388,46.0760990189981,60.35855555177962
34,175,10.939283723132917,14.438428153818817,17.085428731398682,21.37531639978838,26.945439360432793,31.159074717898292,40.94283303600822,45.156468393473716,59.15386206904915
35,180,10.736252073137834,14.170452848890374,16.768325448038937,20.960127113625155,26.42205727222551,30.553847934459483,40.147568755293804,44.279359417527786,58.00487090059608
36,185,10.54217189720366,13.914292322549846,16.465202949525754,20.563633912163308,25.922243219558673,29.975874675097078,39.38811543803085,43.44174689356925,56.90761911204142
37,190,10.356428758666464,13.669135598516544,16.17510158309783,20.184540517605473,25.444363131893642,29.423265338928086,38.6619901602507,42.64089236728514,55.858519395642205
38,195,10.178464796385926,13.434246372824113,15.897150058001941,19.821670470253462,24.986933979792862,28.89430498545979,37.96693950066613,41.87431050633305,54.854316027206316
39,200,10.007772251341951,13.208954469772157,15.630555335062011,19.473953419819125,24.548606493928855,28.387433351256615,37.300913282694104,41.13974014002187,53.892046928787124
40,205,9.843887871833116,12.992648457517653,15.374593888485164,19.140413272256872,24.128150223138988,27.90122757142479,36.66204187059271,40.43511921887851,52.96901086633225
41,210,9.686388060170946,12.784769242344234,15.128604125766762,18.82015790390348,23.724440568207054,27.434387185781183,36.04861646765888,39.758563085233014,52.08273898468483
42,215,9.534884647820217,12.584804492398254,14.89197978912868,18.51237020497572,23.336447491415587,26.985721082844105,35.459071960712485,39.10834555214102,51.23097002143792
43,220,9.389021205324637,12.392283767271842,14.664164192207588,18.21630025505843,22.963225653070236,26.554136093941274,34.89197193282412,38.48288237369516,50.41162865344904
44,225,9.248469809067767,12.206774250548882,14.44464517024757,17.931258466149327,22.603905767713325,26.13862699773767,34.34599552932601,37.880716759350356,49.62280652096303
45,230,9.11292819971282,12.027876999316064,14.23295064203308,17.656609555684778,22.2576870066004,25.7382677346374,33.81992591359003,37.30050664162703,48.86274554861665
46,235,8.98211727763386,11.855223638458634,14.028644698149167,17.391767233976566,21.923830300753675,25.352203662591688,33.312640091206816,36.74101345304482,48.12982324349796
47,240,8.855778889256321,11.68847343891852,13.831324143595891,17.13618950860023,21.60165242173647,24.979644712245083,32.82309991588994,36.20109220639855,47.422539700552015
48,245,8.733673865329697,11.527310728470056,13.640615433880976,16.88937452324476,21.290520736162563,24.61985932117297,32.35034411910118,35.679682704111585,46.739506087050216
49,250,8.615580278045583,11.371442591343056,13.45617195291419,16.650856860955944,20.98984854561388,24.27216904507164,31.893481229187334,35.17580172864509,46.07943441221856
50,255,8.501291888817372,11.22059681949442,13.277671588685067,16.420204252056063,20.699090936687963,23.935943758850343,31.451683265644625,34.688536087807016,45.441128416763675
51,260,8.390616762634952,11.074520083736985,13.104814569104375,16.197014635678272,20.41774107680727,23.610597373192007,31.024180110705743,34.21703640709048,44.82347544098895
52,265,8.283376028343637,10.93297629746937,12.937321525756161,15.980913531118683,20.145326900580592,23.29558400273919,30.610254474359706,33.760511576518304,44.22543915029742
53,270,8.179402767088401,10.7957451495673,12.774931757823651,15.771551681327848,19.881408139219808,22.990394530981263,30.209237380634686,33.31822377239614,43.64605301381101
54,275,8.078541013606486,10.662620786220067,12.617401672266492,15.568602936033422,19.625573652032468,22.694553524454903,29.82050411287639,32.889483985298824,43.084414446142745
55,280,7.980644857120491,10.533410624226642,12.464503379558138,15.371762346368683,19.377439024535892,22.407616455259546,29.443470564150417,32.47364799487407,42.5396795344886
56,285,7.885577630342369,10.407934280586694,12.316023427038528,15.180744446608655,19.13664440243654,22.129167196321905,29.07758994603515,32.07011273992051,42.011058283519134
57,290,7.793211176597719,10.286022605200214,12.1717616542783,14.995281701793822,18.90285253472519,21.85881575847703,28.722349815160236,31.678313038912076,41.497810319347124
58,295,7.703425186361308,10.167516805180924,12.03153015685235,14.815123102740321,18.67574700256546,21.596196242396534,28.377269382052745,31.29771862188382,40.99924100137111
59,300,7.616106595593334,10.052267650738566,11.895152346636351,14.640032892266927,18.455030613592477,21.340964981793206,28.04189707131949,30.927831439520215,40.51469789724722
60,305,7.531149039210476,9.940134753831988,11.762462098215096,14.469789408474258,18.24042394376608,21.092798857254174,27.715808306034088,30.568183219522187,40.0435675817902
61,310,7.44845235383977,9.830985911869055,11.633302972262792,14.30418403264029,18.03166401110188,20.851393762574627,27.39860349250897,30.218333243981714,39.5852727253888
62,315,7.367922124706765,9.724696509658134,11.507527507854132,14.143020230790471,17.828503067487304,20.61646320764217,27.089906184493877,29.877866324648743,39.13926944165532
63,320,7.28946927211859,9.62114897361963,11.38499657661631,13.986112679295,17.63070749642118,20.387737043808716,26.789361408322442,29.546390955709978,38.70504486761125
64,325,7.213009673531625,9.520232272964611,11.265578792458609,13.833286465970106,17.43805680593263,20.164960299325493,26.49663413268088,29.22353762607374,38.28211495282199
65,330,7.138463817653666,9.421841463154754,11.149149971334733,13.684376359138462,17.250342707168347,19.94789211384294,26.211407868547422,28.90895727522202,37.8700224366011
66,335,7.065756487432006,9.32587726748795,11.035592636120406,13.539226137957176,17.06736827021299,19.736304762221234,25.9333833864853,28.60231987849354,37.468334994765854
67,340,6.994816469129599,9.232245693116777,10.924795562236413,13.397687978067863,16.888947149647855,19.52998275898443,25.662277539901,28.303313149237585,37.07664353949074
68,345,6.925576284998884,9.140857678212797,10.816653360127457,13.25962188727659,16.714902873176456,19.328722035703816,25.397822184131044,28.011641346658397,36.69456065761299
69,350,6.857971947332364,9.051628767345404,10.711066091128098,13.124895186544773,16.545068187368663,19.132329184431676,25.139763182318585,27.727024179381594,36.32171917433152
70,355,6.791942731906228,8.964478812456926,10.607938913617584,12.993382032076571,16.37928445521033,18.94062076104189,24.88785949000722,27.44919579583878,35.95777083063567
71,360,6.727430969042114,8.879331697091413,10.507181756691404,12.864962974732162,16.217401100705597,18.753422642981,24.641882311229843,27.177903853505242,35.602385064029484
72,365,6.664381850696475,8.796115081777733,10.408709018865439,12.739524553388655,16.059275096273055,18.57056943650513,24.401614319621608,26.91290865985368,35.25524788320223
73,370,6.602743252150002,8.714760168682888,10.312439289583066,12.616958919216653,15.904770489113774,18.39190392898311,24.166848938749567,26.6539823786189,34.916060828254686
74,375,6.5424655670138305,8.635201483841694,10.218295091521002,12.49716348814771,15.753757963116403,18.217276582293774,23.937389676439842,26.40090829561722,34.584540008940664
75,380,6.483501554397428,8.557376675438338,10.126202641889726,12.380040619080123,15.60611443320768,18.046545063742418,23.713049508404712,26.153480138939457,34.2604152141365
76,385,6.425806197196712,8.481226326765153,10.036091631101984,12.265497315612373,15.461722669361581,17.87957381127376,23.493650306935155,25.91150144884734,33.94342908642091
77,390,6.369336570562355,8.406693782617957,9.94789501734109,12.153444949309145,15.320470947752142,17.71623363007326,23.279022310837377,25.67478499315849,33.633336356243724
78,395,6.314051719698407,8.333724988006136,9.86154883570174,12.043799002696487,15.182252726776573,17.556401317927815,23.069003633159145,25.443152224310392,33.32990313069297
79,400,6.259912546222024,8.262268338162336,9.776992020701915,11.936478830354208,15.046966345891525,17.39995931696712,22.86343980358004,25.216432774655637,33.032906232344146
80,405,6.206881702387177,8.192274538931526,9.694166241077037,11.831407436626812,14.914514745398458,17.24679538962998,22.662183342633153,24.99446398686467,32.742132584099366
81,410,6.1549234925395915,8.123696476704383,9.61301574586822,11.728511268611248,14.784805205486728,17.09680231689988,22.465093365188515,24.77709047660167,32.45737863630347
82,415,6.104003781228223,8.056489097136405,9.533487220906933,11.62772002320285,14.65774910299828,16.949877617033387,22.272035210863923,24.564163724899025,32.17844983276467
83,420,6.054089907450351,7.990609291962634,9.455529654879415,11.528966467091102,14.53326168451672,16.805923283165626,22.082880099240146,24.355541697889056,31.905160112612485
84,425,6.005150604554096,7.926015793279416,9.379094214227107,11.432186268696178,14.411261854508732,16.664845538322027,21.897504807947882,24.151088491761175,31.637331445200324
85,430,5.957155925364311,7.862669074720329,9.304134126205131,11.337317841126385,14.291671977358343,16.52655460649536,21.71579137186433,23.95067400100135,31.37479339550734
86,435,5.910077172135482,7.800531259003165,9.230604569479832,11.244302195317214,14.174417692235929,16.390964498564593,21.537626801811975,23.754173608140636,31.11738271771668
87,440,5.863886830969652,7.7395660313701224,9.158462571699946,11.153082802585185,14.059427739835474,16.25799281193792,21.362902821290664,23.56146789339311,30.864942974848297
88,445,5.818558510368169,7.679738558484144,9.087666913524181,11.063605465895451,13.946633800096173,16.127560542897847,21.19151561990024,23.37244236270192,30.617324182505993
89,450,5.774066883614024,7.621015412381094,9.018178038631536,10.97581819920123,13.835970340099353,15.999591910712716,21.023365622224205,23.186987192837567,30.374382474962413
90,455,5.730387634706851,7.563364499111028,8.949957969280339,10.889671114267037,13.727374471399356,15.874014192657501,20.858357271047964,23.00499699230611,30.13597979195472
91,460,5.687497407595627,7.506754991731962,8.882970227017772,10.80511631443627,13.620785816108338,15.750757569157418,20.696398823878575,22.82637057692765,29.90198358469788
92,465,5.645373758474899,7.451157267347123,8.817179758174124,10.72210779484792,13.516146381110815,15.62975497833256,20.537402161817198,22.65101075903895,29.672266539745337
93,470,5.603995110929318,7.396542847901572,8.752552863805645,10.640601348647369,13.413400439834218,15.510941979280137,20.381282609912905,22.478824149358825,29.44670631943751
94,475,5.563340713728445,7.342884344476861,8.689057133776755,10.56055447877264,13.312494421047832,15.394256623484173,20.227958768195712,22.30972097063205,29.22518531777993
95,480,5.523390601089506,7.290155404843043,8.62666138469672,10.481926314930774,13.213376804204318,15.279639333790904,20.077352352651037,22.143614882237628,29.00759043068435
96,485,5.484125555239998,7.238330664046195,8.565335601448382,10.40467753540932,13.115998020876301,15.167032790432359,19.929388045455397,21.980422815011455,28.79381283959055
97,490,5.445527071125127,7.187385697826848,8.505050882066797,10.328770293395422,13.020310361875218,15.056381823620749,19.78399335384608,21.8200648155916,28.58374780756246
98,495,5.407577323116966,7.137296978680396,8.445779385744158,10.254168147500314,12.926267889671404,14.947633312273132,19.641098477045954,21.66246389964768,28.37729448702223
99,500,5.370259133593027,7.088041834384926,8.387494283754545,10.180835996210076,12.833826355763598,14.84073608845944,19.500636180708803,21.50754591340465,28.174355738349853
100,505,5.333555943261981,7.039598408835033,8.330169713107386,10.108740016004521,12.742943122672415,14.735640847197544,19.362541678390574,21.355239402915707,27.974837958633866
101,510,5.29745178312333,6.991945625032239,8.273780732752899,10.03784760290539,12.653577090256807,14.632300061247367,19.226752519589343,21.205475490579904,27.77865091991244
102,515,5.261931247956188,6.945063150093642,8.218303282175764,9.96812731723285,12.565688626074815,14.530667900581642,19.09320848393044,21.05818775843727,27.585707616292893
103,520,5.226979471239985,6.89893136215052,8.163714142225256,9.89954883136528,12.479239499530276,14.430700156234757,18.96185148110423,20.91331213780871,27.39592411938267
104,525,5.192582101416979,6.853531319017936,8.109990898041014,9.832082880312464,12.394192819566019,14.332354168252582,18.832625456192705,20.770786804879265,27.20921944150595
105,530,5.158725279412884,6.808844728524902,8.057111903943865,9.765701214925766,12.31051297568125,14.235588757486397,18.70547630004703,20.63055208185218,27.025515406217963
106,535,5.125395617337907,6.764853920402523,8.00505625017017,9.700376557581622,12.228165582066756,14.140364160992124,18.580351764402625,20.492550343327995,26.844736525663865
107,540,5.092580178295904,6.721541819634713,7.9538037313369605,9.636082560186152,12.147117424666073,14.046641970813097,18.457201381440047,20.35672592758707,26.666809884361044
108,545,5.060266457234471,6.678891921182823,7.903334816532792,9.572793764359357,12.067336410984208,13.954385075940074,18.335976387520795,20.223025052476654,26.491665029013244
109,550,5.028442362773393,6.636888266001546,7.853630620936673,9.510485563667258,11.988791522477984,13.863557607256515,18.216629650845775,20.09139573562431,26.3192338639921
110,555,4.99709619995317,6.595515418269236,7.80467287887398,9.449134167779281,11.911452769373314,13.774124885290362,18.099115602801444,19.96178771871849,26.14945055214662
111,560,4.966216653849283,6.554758443760873,7.756443918224555,9.388716568436685,11.83529114776546,13.686053370605757,17.983390172774833,19.834152395615135,25.982251420624507
112,565,4.935792774001566,6.514602889296849,7.708926636103824,9.329210507125412,11.760278598867847,13.599310616679361,17.869410726233312,19.708442744044824,25.817574871410283
113,570,4.905813959611354,6.475034763205153,7.662104475743118,9.270594444354032,11.686387970284255,13.513865225116383,17.757136005878735,19.584613260710864,25.655361296305344
114,575,4.876269945462283,6.436040516738657,7.615961404500166,9.212847530443877,11.613592979187253,13.42968680307102,17.646526075698166,19.462619899581934,25.495552996092844
115,580,4.8471507885234715,6.397607026393058,7.570481892935399,9.155949577744773,11.541868177293715,13.346745922744944,17.537542267745117,19.342420013196346,25.338094103647745
116,585,4.818446855196492,6.359721577074544,7.525650894893741,9.099881034195233,11.471188917535162,13.265014082845669,17.43014713149611,19.22397229680662,25.182930510767562
117,590,4.7901488091700495,6.322371846069557,7.481453828535527,9.044622958151423,11.401531322327477,13.184463671894399,17.32430438563738,19.107236735204303,25.030009798514204
118,595,4.76224759984859,6.285545887772062,7.4378765582638415,8.990156994413883,11.33287225335052,13.105067933279878,17.219978872145873,18.992174552075234,24.879281170870588
119,600,4.734734451323172,6.24923211912654,7.394905377498746,8.936465351385698,11.265189282754003,13.026800931961542,17.11713651253739,18.878748161744927,24.730695391528315
120,605,4.707600851854992,6.2134193057476015,7.352526992252226,8.883530779299782,11.198460665711142,12.949637522731198,17.015744266162617,18.76692112318267,24.584204723634144
121,610,4.680838543843701,6.178096548679487,7.310728505460286,8.831336549457138,11.132665314246623,12.873553319948304,16.915770090439466,18.65665809614115,24.439762872333993
122,615,4.654439514254486,6.143253271761055,7.269497402031565,8.77986643442122,11.067782772269906,12.798524668669067,16.817182902916915,18.547924799316075,24.29732492996309
123,620,4.628395985479415,6.108879209563947,7.228821534574204,8.729104689117182,11.003793191749207,12.724528617094595,16.719952545072008,18.440687970417397,24.1568473237402
124,625,4.60270040661003,6.074964395873555,7.188689109765026,8.679036032787856,10.940677309965414,12.651542890267844,16.624049747747836,18.334915328050272,24.018287765832692
125,630,4.577345445099627,6.041499152684309,7.149088675327323,8.629645631761116,10.878416427788876,12.579545864953435,16.529446098145755,18.23057553531031,23.881605205667196
126,635,4.552323978794883,6.0084740796824745,7.110009107585537,8.580919082986185,10.816992388925474,12.508516545638262,16.43611400829034,18.12763816500313,23.746759784367992
127,640,4.527629088317754,5.9758800441912445,7.071439599566977,8.53284239829882,10.756387560081544,12.438434541594697,16.344026684890576,18.026073666403725,23.613712791212762
128,645,4.503254049779652,5.9437081715543965,7.033369649622523,8.485401989377829,10.696584812000243,12.369280044951484,16.25315810052514,17.925853333476386,23.482426622001284
129,650,4.479192327810986,5.911949835936217,6.995789050539877,8.438584653357466,10.637567501324728,12.301033809720744,16.163482966084025,17.82694927448004,23.35286473923934
130,655,4.455437568890145,5.880596651516605,6.958687879124483,8.392377559062355,10.579319453246104,12.233677131732456,16.074976704402562,17.729334382888915,23.224991634045374
131,660,4.431983594956887,5.849640464061591,6.9220564862246565,8.346768233833613,10.521824944896581,12.167191829430715,15.987615425027819,17.632982309561953,23.09877278969319
132,665,4.408824397295981,5.81907334285054,6.8858854871788004,8.301744550916455,10.465068689450476,12.101560225488484,15.90137590006052,17.53786743609853,22.974174646708576
133,670,4.385954130677748,5.788887572942428,6.850165752663861,8.257294717381493,10.409035820897968,12.036765129200333,15.816235541019179,17.443964849321542,22.851164569442755
134,675,4.3633671077429135,5.7590756477645835,6.814888399925353,8.213407262553304,10.353711879458276,11.972789819614576,15.732172376675853,17.351250316832154,22.729710814049735
135,680,4.34105779361986,5.729630262008153,6.780044784370362,8.170071026921484,10.299082797601123,11.909618029368815,15.649165031816143,17.259700263583834,22.609782497798854
136,685,4.319020800763047,5.700544304815502,6.745626491505973,8.12727515151069,10.24513488664671,11.847233929194465,15.567192706878236,17.16929174942599,22.491349569657523
137,690,4.297250884002002,5.671810853245516,6.7116253292065835,8.085009067687526,10.191854823916444,11.785622113058169,15.48623515842881,17.080002447570536,22.374382782082904
138,695,4.275742935790826,5.643423166003578,6.678033320294375,8.043262487383354,10.139229640407923,11.724767583909427,15.406272680435503,16.991810623937006,22.25885366396459
139,700,4.254491981648758,5.615374677423699,6.644842695418203,8.002025393713181,10.087246708969252,11.664655740005653,15.327286086298129,16.904695117334526,22.144734494663403
140,705,4.23349317578278,5.587658991690933,6.612045886216795,7.961288031971987,10.035893732949106,11.60527236178738,15.249256691602774,16.818635320441047,22.03199827909471
141,710,4.212741796883826,5.56026987729292,6.579635518753104,7.921040900990688,9.985158735300196,11.546603599277752,15.172166297564816,16.733611161542374,21.920618723806992
142,715,4.19223324408851,5.53320126168989,6.5476044072071495,7.881274744835063,9.935030048115033,11.488635959981941,15.095997175128824,16.649603086995732,21.81057021400953
143,720,4.171963033098767,5.5064472261930995,6.515945547815534,7.841980544831698,9.885496302573943,11.431356297263266,15.020732049694834,16.566592044384155,21.701827791505046
144,725,4.151926792452219,5.480002001042203,6.484652113046322,7.803149511905969,9.836546419286435,11.374751799174156,14.946354086442343,16.484559466330065,21.59436713348597
145,730,4.132120259936394,5.453859960672476,6.453717445998639,7.764773079217793,9.788169599007919,11.318809977721207,14.872846876224617,16.4034872549379,21.4881645321546
146,735,4.112539279140329,5.428015619163403,6.423135055016806,7.726842895081642,9.740355313714774,11.263518658544582,14.800194422007525,16.323357766837333,21.383196875130086
147,740,4.093179796137413,5.402463625860443,6.392898608509473,7.689350816158041,9.693093298021642,11.208865970993187,14.728381125828339,16.244153798799886,21.27944162660658
148,745,4.074037856293624,5.377198761162325,6.36300192996459,7.652288900904368,9.646373540925593,11.154840338577799,14.657391776251234,16.165858573903442,21.176876809229086
149,750,4.05510960119562,5.352215932466534,6.33343899315157,7.615649403273465,9.600186277862672,11.101430469785457,14.587211536297449,16.088455728220236,21.07548098665501
150,755,4.036391265693437,5.327510170266051,6.304203917502453,7.579424766649097,9.554521983063026,11.048625349239096,14.517825931829092,16.011929298005164,20.975233246771232
151,760,4.017879175052786,5.303076624390758,6.275290963664241,7.543607618007866,9.509371362191493,10.996414229187316,14.449220840366761,15.936263707362583,20.876113185537854
152,765,3.999569742212202,5.278910560387233,6.2466945292150085,7.50819076229775,9.464725345261256,10.944786621309868,14.38138248032199,15.861443756370607,20.778100891431343
153,770,3.9814594651405466,5.255007356031,6.218409144536728,7.473167177023812,9.420575079808662,10.893732288825221,14.31429740062664,15.7874546096432,20.681176930461174
154,775,3.963544924290553,5.231362497965541,6.190429468838125,7.438530007032258,9.376911924318078,10.843241238887172,14.24795247074209,15.714281785311185,20.585322331735195
155,780,3.9458227801443546,5.207971578462701,6.16275028632116,7.40427255948429,9.33372744188599,10.79330371525818,14.182334871032074,15.641911144404263,20.49051857355035
156,785,3.928289770847089,5.184830292299379,6.13536650248512,7.370388299011718,9.291013394114241,10.743910191247654,14.117432083483587,15.570328880617,20.396747569986342
157,790,3.910942709924914,5.161934433745579,6.108273140562501,7.336870843046676,9.248761735222729,10.695051362903994,14.053231882761313,15.499521510442584,20.30399165798117
158,795,3.8937784840838843,5.139279893659232,6.081465338081209,7.303713957318107,9.20696460637233,10.646718142449792,13.989722327581477,15.429475863658938,20.212233584868088
159,800,3.876794051086366,5.116862656683337,6.05493834354786,7.270911551508083,9.165614330189326,10.598901651949962,13.92689175239184,15.360179074152477,20.12145649635499
160,805,3.8599864377017794,5.094678798541205,6.028687513247151,7.2384576750613405,9.124703405482954,10.551593217203262,13.864728759345184,15.291618571065488,20.031643924927717
161,810,3.8433527377286287,5.072724483425797,6.002708308152603,7.2063465131417095,9.084224502148123,10.504784361847921,13.80322221055413,15.223782070253929,19.94277977865994
162,815,3.8268901100849364,5.050995961479349,5.976996290944103,7.174572382729417,9.044170456245748,10.45846680167264,13.742361220615866,15.156657566042757,19.85484833041287
163,820,3.8105957769643015,5.029489566359604,5.951547123127971,7.143129728853578,9.004534265253465,10.412632439124632,13.682135149395688,15.090233323266855,19.76783420740908
164,825,3.7944670220549344,5.008201712889181,5.926356562255375,7.112013120954346,8.965309083479807,10.367273358006688,13.622533595059032,15.02449786958591,19.681722381165134
165,830,3.778501188819191,4.987128894784769,5.901420459235226,7.08121724936955,8.926488217635313,10.322381818355703,13.563546387341855,14.959439988062245,19.59649815776879
166,835,3.7626956788311654,4.966267682462979,5.876734755737768,7.0507369219408496,8.888065122554282,10.277950251495419,13.50516358104999,14.895048709991126,19.51214716848683
167,840,3.7470479501700606,4.945614720919798,5.85229548168528,7.020567060734618,8.850033397061171,10.23397125525643,13.447375449778239,14.831313307973495,19.42865536069056
168,845,3.73155551586717,4.925166727680806,5.8280987528265005,6.99070269887309,8.81238677997597,10.190437589356868,13.39017247984065,14.768223289221549,19.34600898908623
169,850,3.716215942404347,4.904920490819351,5.804140768391476,6.961138977471368,8.775119146253049,10.147342170937494,13.333545364403626,14.705768389088067,19.264194607238643
170,855,3.7010268482619813,4.884872867040074,5.780417808823739,6.931871142676221,8.738224503248299,10.104678070245065,13.277484997813914,14.643938564810682,19.183199059376296
171,860,3.685985902514581,4.865020779825251,5.756926233586815,6.902894542802692,8.701696987109571,10.062438506458358,13.221982470114028,14.582723989462817,19.10300947246727
172,865,3.6710908234721185,4.845361217641553,5.733662479042228,6.874204625564744,8.665530859285676,10.020616843651236,13.167029061737727,14.52211504610329,19.02361324855534
173,870,3.656339377365408,4.8258912322049135,5.710623056396273,6.845796935396352,8.629720503149382,9.979206586887567,13.112616238378788,14.462102322116975,18.944998057346382
174,875,3.6417293770738417,4.8066079368013055,5.687804549712934,6.817667110859564,8.594260420730057,9.938201378442944,13.058735646026326,14.402676603739213,18.86715182903548
175,880,3.627258680893889,4.787508504661324,5.665203613990471,6.789810882136274,8.559145229551826,9.897594994148372,13.005379106160474,14.343828870757017,18.790062747365663
176,885,3.612925191346829,4.768590167386543,5.6428169732993005,6.762224068600493,8.524369659573209,9.85738133985137,12.952538611102248,14.285550291380412,18.713719242909452
177,890,3.59872685402426,4.749850213425747,5.620641418978854,6.7349025764681665,8.48992855022451,9.81755444799006,12.900206319511959,14.227832217277513,18.63810998656496
178,895,3.584661656469977,4.731285986599146,5.598673807891251,6.707842396521577,8.455816847539236,9.778108474276012,12.848374552030448,14.170666178767224,18.563223883258438
179,900,3.5707276270968937,4.71289488466886,5.576911060729698,6.681039601905623,8.422029601376112,9.739037694481835,12.797035787058046,14.114043880163772,18.489050065845706
180,905,3.556922834137698,4.694674357953916,5.555350160379587,6.654490345993287,8.388561962728314,9.700336501329659,12.746182656666033,14.057957195267377,18.415577889205096
181,910,3.543245384628039,4.676621907988194,5.53398815033039,6.628190860317771,8.355409181116752,9.661999401476775,12.695807942635778,14.002398162995798,18.342796924514822
182,915,3.529693423421051,4.65873508621972,5.5128221331365,6.602137452568857,8.322566602064311,9.624021012594897,12.645904572620942,13.94735898315153,18.27069695370816
183,920,3.5162651322320824,4.641011492749842,5.491849268925249,6.576326504651172,8.290029664648118,9.586396060539691,12.596465616428215,13.892832012319786,18.19926796409988
184,925,3.5029587287125596,4.623448775110836,5.47106677395044,6.550754470802117,8.25779389912703,9.549119376607228,12.54748428241234,13.838809759892538,18.12850014317785
185,930,3.4897724655519378,4.606044627080616,5.450471919189716,6.52541787576732,8.22585492464164,9.512185894874335,12.498953913981351,13.785284884214049,18.05838387355376
186,935,3.4767046296067305,4.588796787533152,5.4300620289842625,6.500313313031541,8.194208446984177,9.475590649619765,12.45086798620799,13.732250188843576,17.988909728067394
187,940,3.4637535410556977,4.57170303932344,5.4098344797193345,6.4754374431031145,8.162850256435892,9.439328772823393,12.403220102543676,13.679698618931177,17.920068465038955
188,945,3.4509175525802274,4.554761208205703,5.389786698544143,6.450786991849953,8.131776225669455,9.403395491740605,12.356003991631258,13.627623257702409,17.85185102366421
189,950,3.438195048569071,4.537969161783753,5.3699161621297815,6.426358748885373,8.100982307714135,9.367786126549271,12.309213504213174,13.576017323048305,17.78424851954734
190,955,3.425584444346564,4.521324808492332,5.350220395463824,6.402149566001966,8.070464533981587,9.332496088066813,12.262842610131658,13.52487416421688,17.717252240366953
191,960,3.413084185423524,4.50482609660841,5.3306969706803535,6.378156355651857,8.040219012350038,9.297520875534813,12.21688539541777,13.474187258602544,17.650853641670277
192,965,3.4006927467700554,4.488471013291371,5.31134350592419,6.354376089471717,8.010241925304989,9.262856074468951,12.171336059466187,13.42395020863015,17.58504434279135
193,970,3.388408632109497,4.47225758365112,5.292157664248149,6.330805796851038,7.980529528134371,9.228497354571934,12.12618891229283,13.374156738730395,17.51981612288885
194,975,3.3762303732328056,4.456183869843161,5.273137152542231,6.307442563542136,7.951078147176338,9.19444046770728,12.081438371872427,13.324800692403368,17.45516091709946
195,980,3.3641565293326794,4.440247970189718,5.254279720493602,6.2842835303105025,7.921884178117924,9.16068124593193,12.037078961553357,13.275876029367362,17.391070812802795
196,985,3.3521856863567496,4.424448018326041,5.235583159576409,6.261325891624103,7.892944084342786,9.127215599585606,11.993105307547115,13.227376822789935,17.327538045994263
197,990,3.340316456379215,4.408782182371042,5.217045302070352,6.238566894380337,7.86425439532643,9.094039515435107,11.949512136489881,13.17929725659856,17.26455499776201
198,995,3.328547476990286,4.393248664121443,5.198664020107109,6.216003836669366,7.835811705077273,9.06114905487157,11.906294273073772,13.13163162286807,17.20211419086457
199,1000,3.3168774107028685,4.377845698268673,5.180437224743649,6.193634066572626,7.807612670622068,9.028540352159059,11.863446637745492,13.084374319282484,17.14020828640591
200,1005,3.3053049443759006,4.362571551637749,5.1623628650615965,6.171454980995322,7.7796540105341645,8.996209612732684,11.82096424447005,13.037519846668571,17.078830080604458
201,1010,3.293828788653801,4.347424522447421,5.144438927291728,6.149464024531816,7.751932503503222,8.96415311154465,11.778842198557484,12.991062806598913,17.017972501653176
202,1015,3.2824476774215077,4.332402939590896,5.126663433962831,6.127658688362786,7.724444986944998,8.932367191456633,11.737075694550485,12.944997899062122,16.95762860666761
203,1020,3.2711603672745877,4.317505161936445,5.109034443074097,6.106036509183156,7.697188355649898,8.900848261677025,11.695660014170896,12.899319920198023,16.89779157871902
204,1025,3.2599656370039436,4.302729577647295,5.0915500472903155,6.084595068159764,7.670159560469032,8.869592796241488,11.654590524323213,12.854023760095668,16.838454723949848
205,1030,3.248862287094634,4.288074603520127,5.074208373159118,6.063331989917816,7.643355607036548,8.838597332535512,11.613862675153207,12.809104400652176,16.779611468768838
206,1035,3.237849139238369,4.273538684341633,5.057007580349561,6.042244941555188,7.616773554527078,8.807858469857551,11.573471998159917,12.764556913490392,16.72125535712323
207,1040,3.2269250358592227,4.259120292262528,5.039945860911372,6.0213316316837036,7.590410514447186,8.777372868021473,11.533414104359245,12.720376457933535,16.663380047845596
208,1045,3.216088839652171,4.244817926188473,5.023021438554219,6.000589809496491,7.564263649459681,8.747137245997038,11.493684682497587,12.676558279034943,16.605979312072847
209,1050,3.2053394331340255,4.2306301111873665,5.006232567946335,5.98001726386062,7.538330172239827,8.71714838058722,11.454279497313825,12.63309770566122,16.549047030735217
210,1055,3.194675718206388,4.216555397912501,4.989577534031927,5.959611822434198,7.512607344362343,8.687403105141199,11.415194387848203,12.58999014862706,16.492577192112922
211,1060,3.1840966157302337,4.202592362041072,4.973054651366742,5.939371350807166,7.487092475218318,8.657898308301869,11.376425265796573,12.547231098880124,16.43656388945838
212,1065,3.173601065111786,4.188739603727584,4.956662263471264,5.919293751665043,7.461782920961028,8.628630932786827,11.33796811390861,12.504816125734413,16.381001318681996
213,1070,3.163188023899302,4.174995747071662,4.940398742200965,5.899376963974903,7.436676083479803,8.59959797420177,11.299818984428635,12.4627408751506,16.325883776099435
214,1075,3.1528564673904578,4.161359439599846,4.924262487133095,5.879618962192909,7.411769409401035,8.570796479885285,11.261973997577664,12.421001068061914,16.271205656238543
215,1080,3.142605388249992,4.147829351760939,4.908251924969505,5.860017755492704,7.387060389115522,8.542223547784094,11.224429340075485,12.379592498744058,16.216961449704023
216,1085,3.132433796137294,4.134404176434463,4.892365508955005,5.840571387014048,7.362546555831283,8.513876325357753,11.18718126370146,12.33851103322793,16.163145741098106
217,1090,3.122340717343653,4.121082628451877,4.876601718310787,5.821277933131074,7.338225484651154,8.485752008511998,11.150226083892923,12.297752607753763,16.10975320699553
218,1095,3.1123251944388373,4.1078634441301185,4.8609590576824635,5.802135502739537,7.314094791674299,8.457847840559753,11.113560178379968,12.25731322726542,16.05677861397109
219,1100,3.1023862859267703,4.094745380817125,4.8454360566022645,5.783142236562528,7.290152133120984,8.430161111209058,11.077179985855592,12.217188963943666,16.004216816678273
220,1105,3.092523065909987,4.081727216448969,4.83003126896498,5.76429630647404,7.266395204479903,8.402689155577034,11.04108200468003,12.177375955777162,15.95206275597729
221,1110,3.082734623762631,4.068807749118256,4.814743272517241,5.7455959148399005,7.242821739677343,8.375429353229132,11.005262791618367,12.137870405170156,15.900311457111185
222,1115,3.0730200638117355,4.055985796653457,4.799570668359718,5.727039293875504,7.219429510267552,8.348379127242907,10.96971896061031,12.098668577585666,15.848958027928424
223,1120,3.063378505026537,4.043260196208839,4.784512080461888,5.70862470501987,7.196216324643704,8.321535943295569,10.934447181571269,12.059766800223134,15.797997657150697
224,1125,3.0538090807155895,4.0306298038646995,4.769566155188968,5.690350438325543,7.173180027268792,8.294897308774633,10.899444179223726,12.021161460729564,15.747425612684498
225,1130,3.044310938231442,4.018093494237581,4.754731560840675,5.672214811863848,7.150318497925912,8.26846077191095,10.864706731958055,11.982849005943095,15.697237239975236
226,1135,3.034883238682677,4.005650160100192,4.7400069872014665,5.654216171145055,7.127629650987338,8.242223920933487,10.830231670721913,11.944825940668062,15.64742796040264
227,1140,3.025525156653063,3.9932987120107346,4.72539114510191,5.636352888553047,7.105111434701845,8.2161843832452,10.79601587793735,11.907088826480702,15.59799326971621
228,1145,3.0162358799276543,3.981038077951383,4.710882765990891,5.618623362793993,7.082761830499751,8.190339824619402,10.762056286444814,11.869634280564465,15.548928736509525
229,1150,3.0070146092256045,3.9688672029756367,4.696480601518309,5.601026018358712,7.060578852315147,8.16468794841602,10.728349878473328,11.8324589745742,15.500230000732383
230,1155,2.9978605579395143,3.9567850488642953,4.682183423127979,5.58355930499826,7.038560545924847,8.139226494817146,10.694893684636034,11.795559633528331,15.451892772239518
231,1160,2.9887729518811326,3.944790593789811,4.667990021660461,5.566221697212388,7.016704988303542,8.113953240081372,10.66168478295036,11.758933034728189,15.403912829375
232,1165,2.979751029033218,3.932882831988785,4.653899206965504,5.549011693750511,6.995010286994727,8.088865995816336,10.628720297882166,11.722576006703775,15.356286017591213
233,1170,2.9707940393073846,3.92106077344235,4.639909807523841,5.531927817124798,6.973474579496904,8.06396260826895,10.595997399413104,11.686485428185149,15.309008248101351
234,1175,2.961901244307786,3.9093234435642676,4.626020670078097,5.514968613135072,6.952096032664687,8.039240957632838,10.563513302130605,11.65065822709876,15.262075496564677
235,1180,2.9530719171004356,3.897669882896461,4.61223065927251,5.498132650405171,6.93087284212433,8.014698957372483,10.531265264339797,11.61509137958795,15.215483801803416
236,1185,2.944305341988038,3.886099146811817,4.598538657301249,5.481418519930431,6.909803231703317,7.990334553563599,10.49925058719677,11.579781909057049,15.169229264550504
237,1190,2.93560081429017,3.874610305224061,4.5849435635650915,5.464824834636021,6.888885452873573,7.966145724249292,10.467466613862564,11.544726885238285,15.12330804622728
238,1195,2.926957640128638,3.863202442304451,4.57144429433619,5.448350228945773,6.86811778420795,7.9421304788115465,10.435910728677323,11.509923423280922,15.077716367750295
239,1200,2.918375136217912,3.8518746562051795,4.558039782430755,5.431993358361257,6.847498530849626,7.918286857357645,10.404580356354034,11.475368682862051,15.032450508366459
240,1205,2.909852629660454,3.840626058789236,4.544728976889399,5.41575289905079,6.827026023994005,7.894612930121049,10.37347296119131,11.441059867318353,14.987506804515654
241,1210,2.9013894577468364,3.829455775366585,4.531510842664952,5.39962754744813,6.806698620382829,7.871106796876415,10.3425860463047,11.406994222798286,14.942881648720155
242,1215,2.892984967760502,3.8183629444364793,4.51838436031752,5.383616019860562,6.786514701810143,7.847766586368294,10.31191715287603,11.373169037434177,14.898571488500062
243,1220,2.8846385167870507,3.8073467174357383,4.505348525716625,5.367717052086124,6.766472674639783,7.8245904557531665,10.28146385942021,11.339581640533595,14.854572825314024
244,1225,2.8763494715279165,3.7964062584928286,4.492402349750204,5.351929399039747,6.7465709693340825,7.801576590054451,10.251223781069154,11.306229401789523,14.810882213524591
245,1230,2.86811720811833,3.785540744187603,4.479544858040289,5.3362518343880385,6.726808039993488,7.778723201630123,10.221194568872205,11.27310973050884,14.76749625938756
246,1235,2.859941111949447,3.774749363316523,4.4667750906652,5.320683150192485,6.707182363906785,7.756028529652614,10.191373909112746,11.240220074858577,14.724411620064538
247,1240,2.8518205774945278,3.7640313166632473,4.454092101888064,5.305222156560848,6.6876924411116585,7.733490839600649,10.161759522640454,11.207557921129448,14.681625002658242
248,1245,2.843755008139056,3.753385816774405,4.441494959891495,5.289867681306544,6.668336793965297,7.711108422762707,10.13234916421887,11.175120793016282,14.639133163269852
249,1250,2.835743816014707,3.7428120877404605,4.428982746518268,5.274618569615764,6.649113966724786,7.688879595751786,10.103140621887809,11.142906250914809,14.596932906077832
250,1255,2.8277864218370494,3.732309364981495,4.416554557017843,5.259473683722157,6.630022525137009,7.66680270003119,10.07413171634022,11.1109118912344,14.555021082437614
251,1260,2.819882254746887,3.7218768950378043,4.404209499798561,5.24443190258888,6.611061056037834,7.644876101451026,10.045320300313175,11.07913534572637,14.51339459000171
252,1265,2.812030752155141,3.71151393536516,4.391946696185378,5.229492121597763,6.592228166960308,7.62309818979514,10.016704257992519,11.047574280827352,14.472050371859561
253,1270,2.804231359591194,3.7012197541346423,4.379765280183,5.2146532522455,6.573522485751642,7.601467378338199,9.988281504430898,11.016226397017455,14.430985415696707
254,1275,2.796483530554582,3.690993630036899,4.367664398244253,5.199914221846572,6.554942660198751,7.5799821034126715,9.960049984978772,10.98508942819269,14.390196752972711
255,1280,2.788786726369973,3.680834852090726,4.355643209043576,5.185273973242821,6.536487357662135,7.558640823985462,9.932007674728107,10.954161141051433,14.349681458117406
256,1285,2.781140416045325,3.670742719455865,4.343700883255492,5.170731464519435,6.518155264717842,7.537442021243897,9.90415257796836,10.923439334494415,14.309436647744933
257,1290,2.7735440761331582,3.6607165412498937,4.331836603337937,5.156285668727213,6.499945086807382,7.516384198190863,9.876482727654516,10.892921839037998,14.269459479885127
258,1295,2.7659971905948506,3.6507556363691185,4.320049563320307,5.141935573610941,6.4818555478953055,7.495465879248868,9.848996184886792,10.862606516240355,14.229747153231845
259,1300,2.7584992506678896,3.6408593333133563,4.3083389685961295,5.127680181343706,6.463885390134282,7.474685609872732,9.821691038401758,10.832491258140209,14.190296906407683
260,1305,2.7510497547359876,3.631026970014516,4.296704035720203,5.113518508267024,6.446033373537523,7.454041956170784,9.794565404074545,10.802573986707808,14.15110601724483
261,1310,2.743648208202011,3.6212578936688704,4.285143992210137,5.099449584636606,6.428298275658281,7.433533504534252,9.7676174244319,10.772852653307872,14.112171802081491
262,1315,2.736294123363638,3.611551460572944,4.273658076352138,5.0854724543736385,6.410678891276333,7.413158861274708,9.740845268175777,10.743325238174153,14.0734916150736
263,1320,2.728987019291671,3.6019070359629066,4.262245537010965,5.071586174821426,6.3931740320911885,7.39291665226931,9.714247129717196,10.713989749895317,14.035062847521322
264,1325,2.721726421710956,3.592323993857392,4.250905633443937,5.0577898165072614,6.375782526421934,7.372805522613698,9.687821228720132,10.684844224911895,13.996882927210097
265,1330,2.7145118628838247,3.5828017169036683,4.239637635118894,5.044082462909417,6.358503218913464,7.352824136282305,9.661565809655194,10.655886727024034,13.95894931776576
266,1335,2.7073428814960074,3.5733395962270498,4.228440821536004,5.030463210229066,6.341334970249017,7.332971175795919,9.635479141362774,10.627115346909676,13.921259518023431
267,1340,2.7002190225449545,3.5639370312834964,4.21731448205334,5.0169311671671,6.324276656868795,7.313245341896318,9.609559516625538,10.59852820165306,13.883811061409805
268,1345,2.6931398372305027,3.554593429715311,4.206257915716126,5.003485454705636,6.307327170694555,7.293645353227788,9.58380525174994,10.570123434283172,13.846601515338554
269,1350,2.686104882847826,3.545308207209849,4.195270431089532,4.990125205894157,6.290485418860017,7.274169946025361,9.558214686156566,10.54189921332191,13.809628480618459
270,1355,2.679113722682631,3.5360807873611853,4.184351346094997,4.9768495656401335,6.273750323446913,7.254817873809618,9.532786181979104,10.513853732341806,13.772889590873994
271,1360,2.6721659259085224,3.526910601534652,4.173499987849918,4.963657690504041,6.25712082122661,7.235587907087874,9.507518123671707,10.48598520953297,13.736382511978066
272,1365,2.665261067486497,3.5177970887341843,4.1627156925106865,4.950548748498647,6.240595863407072,7.216478833061595,9.482408917624545,10.458291887279067,13.700104941496539
273,1370,2.6583987280665067,3.5087396954724004,4.151997805118938,4.937521918892479,6.2241744153851295,7.197489455339919,9.457456991787359,10.430772031742148,13.66405460814438
274,1375,2.6515784938910545,3.499737875643352,4.141345679450993,4.924576392017361,6.2078554565038555,7.178618593659088,9.432660795300817,10.403423932456052,13.628229271253012
275,1380,2.6447999567007616,3.4907910903978907,4.130758677870351,4.911711369079917,6.1916379798149555,7.1598650836076905,9.408018798135465,10.376245901928197,13.592626720248708
276,1385,2.6380627136418533,3.481898808021564,4.120236171183221,4.8989260619769714,6.175520991846049,7.1412277763575425,9.383529490738114,10.349236275249606,13.55724477414167
277,1390,2.6313663671755445,3.473060503815008,4.109777538496975,4.886219693114701,6.159503512372719,7.122705538400093,9.359191383685488,10.322393409712863,13.522081281025633
278,1395,2.624710524989244,3.4642756599767566,4.099382167081478,4.873591495231516,6.143584574195209,7.104297251288215,9.335003007344914,10.295715684437917,13.48713411758762
279,1400,2.6180947999095645,3.455543765488419,4.089049452233213,4.861040711224519,6.12776322291969,7.086001811383236,9.310962911541955,10.269201500005497,13.452401188627762
280,1405,2.611518809817075,3.4468643160021744,4.078778797142147,4.848566593979493,6.11203851674392,7.067818129607117,9.28706966523474,10.242849278097939,13.417880426588763
281,1410,2.6049821775627695,3.438236813730508,4.06856961276126,4.836168406204324,6.0964095262472755,7.049745131199626,9.263321856194928,10.216657461147278,13.383569791094931
282,1415,2.598484530886198,3.4296607673381665,4.058421317678683,4.823845420265786,6.080875334184994,7.03178175548041,9.239718090695034,10.190624511990448,13.34946726850049
283,1420,2.592025502335234,3.4211356918362545,4.048333337992391,4.8115969180295775,6.065435035286535,7.013926955615826,9.216256993202077,10.16474891353137,13.315570871446909
284,1425,2.585604729187431,3.4126611084784346,4.038305107187362,4.799422190703587,6.050087736057994,6.9961796983904625,9.192937206077339,10.139029168409808,13.28187863842915
285,1430,2.5792218533729314,3.4042365446591867,4.028336066015188,4.787320538684253,6.034832554588435,6.978538963983175,9.169757389282095,10.113463798676834,13.248388633370498
286,1435,2.5728765213989013,3.3958615338140588,4.018425662376045,4.775291271406,6.019668620360082,6.961003745747604,9.146716220089207,10.08805134547673,13.215098945205854
287,1440,2.5665683842754436,3.387535615321893,4.008573351202982,4.76333370719363,6.004595074062258,6.943573049997014,9.1238123928004,10.062790368735156,13.1820076874733
