TR (AÃ‘OS),2,5,10,20,50,100,500,1000,10000
5,12.7830614,16.87197427,19.96511746,23.05826064,27.14717352,30.24031671,37.42237277,40.51551595,50.7907152
10,19.13461467,25.25519642,29.88523778,34.51527914,40.63586089,45.26590225,56.01652536,60.64656672,76.02723119
15,23.39344954,30.87630315,36.53686339,42.19742363,49.68027724,55.34083747,68.48425132,74.14481155,92.94878563
20,26.68792701,35.22458384,41.68231544,48.14004704,56.67670388,63.13443548,78.12882392,84.58655552,106.0386756
25,29.41158074,38.81945163,45.93623123,53.05301082,62.46088172,69.57766131,86.1023118,93.2190914,116.8605215
30,31.75256375,41.90924396,49.59247595,57.27570793,67.43238815,75.11562013,92.95553233,100.6387643,126.1619085
35,33.81680746,44.63377651,52.81649771,60.99921891,71.81618796,79.99890917,98.99859942,107.1813206,134.3637321
40,35.67037978,47.0802503,55.71148414,64.34271798,75.75258849,84.38382234,104.4249267,113.0561605,141.7284987
45,37.35750565,49.30703646,58.34650756,67.38597866,79.33550946,88.37498056,109.3639825,118.4034536,148.4319266
50,38.90936818,51.35529265,60.77027106,70.18524946,82.63117393,92.04615234,113.9070552,123.3220336,154.5979149
55,40.34884985,53.25522076,63.01851345,72.78180614,85.68817705,95.45146975,118.1211334,127.884426,160.3173823
60,41.69328183,55.02969568,65.11830329,75.20691091,88.54332475,98.63193237,122.0569538,132.1455614,165.6591905
65,42.95613274,56.69649422,67.09067642,77.48485862,91.2252201,101.6194023,125.753946,136.1481282,170.6768541
70,44.14809514,58.26972916,68.95233291,79.63493666,93.75657068,104.4391744,129.2434122,139.926016,175.4128575
75,45.27781172,59.76080775,70.71677131,81.67273486,96.15573089,107.1116944,132.550654,143.5066176,179.9015407
80,46.35237654,61.1790932,72.39507137,83.61104954,98.4377662,109.6537444,135.6964392,146.9124174,184.1710904
85,47.37769034,62.53237372,73.99644914,85.46052457,100.615208,112.0792834,138.6980422,150.1621176,188.2449518
90,48.35871863,63.82720315,75.52865997,87.23011679,102.6986013,114.4000581,141.5699995,153.2714563,192.1428545
95,49.29968285,65.06915323,76.99829706,88.92744089,104.6969113,116.6260551,144.3246693,156.2538132,195.8815712
100,50.20420458,66.26300398,78.41101676,90.55902955,106.6178289,118.7658417,146.9726539,159.1206667,199.4754917
105,51.07541613,67.41288963,79.77171123,92.13053283,108.4680063,120.8268279,149.523123,161.8819446,202.9370613
110,51.91604642,68.522412,81.08464262,93.64687323,110.2532388,122.8154694,151.9840656,164.5462962,206.277123
115,52.72848872,69.5947299,82.35354882,95.11236773,111.9786089,124.7374278,154.3624879,167.1213068,209.5051859
120,53.5148545,70.6326302,83.58172763,96.53082507,113.6486008,126.5976982,156.6645713,169.6136688,212.6296393
125,54.27701687,71.63858515,84.77210455,97.90562395,115.2671922,128.4007116,158.8957993,172.0293187,215.6579258
130,55.01664579,72.61479889,85.92728779,99.2397767,116.8379298,130.1504187,161.0610607,174.3735496,218.5966805
135,55.73523702,73.56324561,87.04961348,100.5359814,118.3639899,131.8503578,163.1647343,176.6511022,221.4518465
140,56.43413595,74.48570107,88.14118294,101.7966648,119.8482299,133.5037118,165.2107588,178.8662406,224.2287695
145,57.11455755,75.38376886,89.20389371,103.0240186,121.2932299,135.1133547,167.2026909,181.0228157,226.9322767
150,57.77760296,76.25890235,90.23946563,104.2200289,122.7013283,136.6818916,169.1437543,183.1243176,229.5667435
155,58.4242736,77.11242328,91.24946276,105.3865023,124.0746519,138.2116914,171.0368806,185.1739201,232.1361487
160,59.05548308,77.94553749,92.23531201,106.5250865,125.4151409,139.7049155,172.8847444,187.1745189,234.6441224
165,59.67206737,78.75934836,93.19831902,107.6372897,126.7245707,141.1635413,174.689793,189.1287637,237.093986
170,60.27479354,79.55486831,94.13968185,108.7244954,128.0045702,142.5893837,176.454272,191.0390855,239.4887874
175,60.86436727,80.33302877,95.06050265,109.7879765,129.256638,143.9841119,178.1802473,192.9077212,241.8313304
180,61.44143937,81.09468868,95.96179787,110.828907,130.4821564,145.3492655,179.869624,194.7367332,244.1242009
185,62.00661141,81.84064209,96.84450709,111.8483721,131.6824028,146.6862678,181.5241635,196.5280285,246.3697891
190,62.56044071,82.57162455,97.70950075,112.8473769,132.8585608,147.996437,183.145497,198.2833732,248.5703095
195,63.10344463,83.28831893,98.55758688,113.8268548,134.0117291,149.2809971,184.7351393,200.0044073,250.7278175
200,63.6361044,83.99136036,99.38951708,114.7876738,135.1429298,150.5410865,186.2944991,201.6926559,252.8442253
205,64.15886843,84.68134073,100.2059917,115.7306427,136.253115,151.777766,187.8248893,203.3495402,254.9213145
210,64.67215537,85.35881255,101.0076646,116.6565167,137.3431739,152.9920259,189.3275352,204.9763872,256.9607485
215,65.17635664,86.0242925,101.7951472,117.5660018,138.4139377,154.1847923,190.8035828,206.5744375,258.9640827
220,65.67183889,86.67826446,102.569012,118.4597595,139.466185,155.3569325,192.2541056,208.1448531,260.9327737
225,66.15894601,87.32118234,103.3297961,119.3384099,140.5006463,156.5092601,193.6801102,209.688724,262.8681879
230,66.63800105,87.95347253,104.0780042,120.202536,141.5180074,157.6425391,195.0825423,211.207074,264.771609
235,67.10930791,88.57553614,104.8141109,121.0526857,142.5189139,158.7574887,196.4622917,212.7008665,266.6442443
240,67.57315284,89.18775096,105.5385632,121.8893755,143.5039736,159.8547859,197.8201963,214.1710086,268.4872312
245,68.0298058,89.79047333,106.2517828,122.7130924,144.4737599,160.9350694,199.1570464,215.618356,270.3016425
250,68.47952174,90.38403974,106.9541679,123.5242961,145.4288141,161.9989423,200.4735885,217.0437167,272.088491
255,68.92254168,90.96876829,107.6460949,124.3234215,146.3696481,163.0469748,201.770528,218.4478546,273.8487344
260,69.35909372,91.54496006,108.3279201,125.1108801,147.2967464,164.0797064,203.0485327,219.8314927,275.5832791
265,69.789394,92.11290032,108.999981,125.8870616,148.2105679,165.0976485,204.3082355,221.1953161,277.2929837
270,70.21364752,92.67285965,109.6625978,126.6523359,149.111548,166.1012861,205.5502363,222.5399744,278.9786628
275,70.6320489,93.22509492,110.3160745,127.407054,150.0001,167.0910795,206.7751051,223.8660846,280.6410897
280,71.04478311,93.76985025,110.9606999,128.1515496,150.8766167,168.0674664,207.9833832,225.1742329,282.2809993
285,71.45202608,94.30735787,111.5967489,128.88614,151.7414718,169.0308629,209.1755857,226.4649768,283.8990907
290,71.85394531,94.83783885,112.2244831,129.6111274,152.595021,169.9816652,210.3522031,227.7388473,285.4960294
295,72.25070042,95.36150387,112.8441518,130.3267997,153.4376031,170.9202511,211.5137024,228.9963503,287.0724496
300,72.64244363,95.87855382,113.4559926,131.0334314,154.2695416,171.8469804,212.6605294,230.2379683,288.6289561
305,73.02932021,96.38918047,114.0602326,131.7312847,155.091145,172.7621971,213.7931095,231.4641616,290.1661261
310,73.41146896,96.89356698,114.6570884,132.4206098,155.9027078,173.6662293,214.9118487,232.6753701,291.684511
315,73.7890225,97.39188844,115.2467673,133.1016461,156.704512,174.5593908,216.0171356,233.8720144,293.1846379
320,74.16210776,97.88431233,115.8294673,133.7746223,157.4968269,175.4419819,217.1093415,235.0544965,294.6670111
325,74.5308462,98.37099899,116.4053784,134.4397578,158.2799106,176.31429,218.1888221,236.2232015,296.1321131
330,74.89535419,98.85210201,116.9746821,135.0972623,159.0540101,177.1765902,219.2559182,237.3784983,297.5804064
335,75.25574327,99.32776861,117.5375528,135.747337,159.8193623,178.0291465,220.3109561,238.5207403,299.012334
340,75.61212044,99.79814,118.0941575,136.390175,160.5761946,178.8722121,221.3542491,239.6502666,300.4283212
345,75.96458838,100.2633517,118.6446566,137.0259615,161.3247248,179.7060297,222.386098,240.7674028,301.828776
350,76.31324571,100.7235339,119.1892041,137.6548744,162.0651626,180.5308328,223.4067912,241.8724614,303.2140901
355,76.6581872,101.1788117,119.7279481,138.2770845,162.797709,181.3468454,224.4166064,242.9657427,304.5846401
360,76.99950395,101.6293053,120.2610308,138.8927563,163.5225577,182.1542832,225.4158101,244.0475356,305.940788
365,77.33728362,102.0751305,120.7885892,139.5020479,164.2398947,182.9533535,226.404659,245.1181178,307.282882
370,77.67161057,102.5163984,121.3107549,140.1051114,164.9498993,183.7442558,227.3834001,246.1777566,308.6112575
375,78.00256604,102.9532165,121.827655,140.7020934,165.6527439,184.5271823,228.3522713,247.2267097,309.9262371
380,78.33022831,103.385688,122.3394115,141.2931351,166.3485948,185.3023183,229.3115015,248.2652251,311.2281319
385,78.65467285,103.8139125,122.8461425,141.8783726,167.0376122,186.0698423,230.2613119,249.293542,312.5172417
390,78.97597244,104.237986,123.3479616,142.4579372,167.7199508,186.8299263,231.2019155,250.3118911,313.7938558
395,79.2941973,104.6580014,123.8449784,143.0319555,168.3957596,187.5827366,232.1335178,251.3204949,315.0582531
400,79.60941522,105.0740479,124.3372989,143.6005499,169.0651826,188.3284336,233.0563173,252.3195683,316.310703
405,79.92169168,105.4862121,124.8250253,144.1638384,169.7283589,189.067172,233.9705056,253.3093188,317.5514656
410,80.23108993,105.8945775,125.3082564,144.7219352,170.3854228,189.7991017,234.8762681,254.289947,318.7807923
415,80.53767113,106.2992247,125.7870876,145.2749506,171.0365041,190.5243671,235.7737836,255.2616465,319.998926
420,80.84149441,106.7002318,126.2616115,145.8229912,171.6817285,191.2431082,236.6632253,256.224605,321.2061017
425,81.14261696,107.0976743,126.7319172,146.3661601,172.3212175,191.9554604,237.5447606,257.1790035,322.4025467
430,81.44109415,107.4916253,127.1980913,146.9045574,172.9550885,192.6615545,238.4185517,258.1250177,323.588481
435,81.73697959,107.8821555,127.6602175,147.4382795,173.5834554,193.3615175,239.2847554,259.0628174,324.7641174
440,82.03032517,108.2693334,128.1183768,147.9674203,174.2064285,194.055472,240.1435237,259.9925671,325.9296623
445,82.3211812,108.6532254,128.5726479,148.4920704,174.8241146,194.7435371,240.9950038,260.9144263,327.0853155
450,82.60959642,109.0338959,129.0231068,149.0123177,175.4366172,195.4258281,241.8393385,261.8285494,328.2312706
455,82.8956181,109.4114072,129.4698274,149.5282475,176.0440366,196.1024568,242.6766661,262.7350862,329.3677156
460,83.17929208,109.7858199,129.9128812,150.0399425,176.6464703,196.7735316,243.5071208,263.6341821,330.4948325
465,83.46066284,110.1571926,130.3523378,150.5474829,177.2440127,197.4391579,244.3308328,264.525978,331.6127981
470,83.73977355,110.5255824,130.7882645,151.0509466,177.8367554,198.0994376,245.1479285,265.4106107,332.7217838
475,84.01666612,110.8910444,131.2207268,151.5504092,178.4247875,198.7544699,245.9585307,266.2882131,333.8219562
480,84.29138124,111.2536326,131.6497883,152.0459441,179.0081955,199.4043512,246.7627583,267.1589141,334.913477
485,84.56395846,111.613399,132.0755108,152.5376226,179.5870631,200.049175,247.5607273,268.0228391,335.9965033
490,84.83443619,111.9703943,132.4979542,153.0255141,180.1614722,200.6890321,248.35255,268.8801099,337.0711878
495,85.1028518,112.3246679,132.9171769,153.5096858,180.7315019,201.3240109,249.1383359,269.7308448,338.1376788
500,85.36924159,112.6762677,133.3332355,153.9902033,181.2972295,201.9541973,249.9181912,270.575159,339.1961208
505,85.63364089,113.0252403,133.7461854,154.4671304,181.8587298,202.5796749,250.6922193,271.4131644,340.2466539
510,85.89608405,113.3716311,134.15608,154.940529,182.416076,203.2005249,251.4605209,272.2449698,341.2894147
515,86.15660452,113.7154841,134.5629717,155.4104593,182.9693389,203.8168265,252.2231937,273.0706814,342.3245362
520,86.41523485,114.0568424,134.9669113,155.8769802,183.5185878,204.4286567,252.9803332,273.8904021,343.3521475
525,86.67200672,114.3957478,135.3679483,156.3401489,184.0638899,205.0360905,253.7320321,274.7042326,344.3723747
530,86.926951,114.732241,135.7661309,156.8000208,184.6053108,205.6392008,254.4783807,275.5122706,345.3853404
535,87.18009777,115.0663617,136.1615061,157.2566504,185.1429144,206.2380587,255.219467,276.3146114,346.391164
540,87.4314763,115.3981486,136.5541195,157.7100905,185.6767628,206.8327337,255.9553769,277.1113479,347.389962
545,87.68111517,115.7276394,136.9440159,158.1603925,186.2069167,207.4232932,256.686194,277.9025705,348.3818478
550,87.9290422,116.0548707,137.3312387,158.6076066,186.7334352,208.0098031,257.4119996,278.6883675,349.3669319
555,88.17528454,116.3798785,137.7158302,159.0517819,187.2563759,208.5923276,258.1328733,279.468825,350.3453223
560,88.41986866,116.7026977,138.0978319,159.4929661,187.7757951,209.1709293,258.8488925,280.2440267,351.3171241
565,88.66282038,117.0233623,138.477284,159.9312057,188.2917476,209.7456693,259.5601329,281.0140546,352.28244
570,88.90416489,117.3419055,138.8542259,160.3665462,188.8042869,210.3166072,260.2666682,281.7789886,353.2413699
575,89.1439268,117.65836,139.228696,160.799032,189.3134652,210.8838013,260.9685705,282.5389065,354.1940118
580,89.38213011,117.9727573,139.6007319,161.2287064,189.8193336,211.4473082,261.6659099,283.2938845,355.1404608
585,89.61879824,118.2851284,139.97037,161.6556116,190.3219418,212.0071834,262.3587552,284.0439968,356.0808102
590,89.85395411,118.5955035,140.3376462,162.079789,190.8213384,212.5634811,263.0471732,284.789316,357.0151509
595,90.08762005,118.903912,140.7025954,162.5012788,191.3175708,213.1162542,263.7312296,285.5299129,357.9435717
600,90.31981792,119.210383,141.0652517,162.9201205,191.8106855,213.6655543,264.4109881,286.2658569,358.8661594
605,90.55056905,119.5149444,141.4256484,163.3363525,192.3007278,214.2114319,265.0865113,286.9972154,359.7829989
610,90.77989431,119.8176238,141.7838182,163.7500126,192.7877421,214.7539364,265.7578603,287.7240547,360.6941729
615,91.00781408,120.1184482,142.1397928,164.1611374,193.2717715,215.2931161,266.4250947,288.4464393,361.5997626
620,91.23434831,120.4174438,142.4936034,164.5697629,193.7528584,215.8290179,267.088273,289.1644325,362.4998471
625,91.45951648,120.7146365,142.8452804,164.9759243,194.2310443,216.3616882,267.7474521,289.8780961,363.3945039
630,91.68333767,121.0100512,143.1948536,165.379656,194.7063696,216.891172,268.402688,290.5874904,364.2838087
635,91.90583053,121.3037128,143.5423523,165.7809917,195.178874,217.4175134,269.0540351,291.2926746,365.1678358
640,92.12701331,121.5956452,143.8878047,166.1799642,195.6485961,217.9407556,269.701547,291.9937065,366.0466574
645,92.34690387,121.8858721,144.231239,166.5766058,196.115574,218.4609409,270.345276,292.6906428,366.9203448
650,92.56551969,122.1744165,144.5726822,166.970948,196.5798448,218.9781106,270.9852731,293.3835389,367.7889672
655,92.78287788,122.4613009,144.9121613,167.3630217,197.0414447,219.4923051,271.6215885,294.0724489,368.6525927
660,92.99899518,122.7465476,145.2497023,167.752857,197.5004094,220.0035641,272.2542713,294.757426,369.5112878
665,93.21388802,123.0301781,145.5853309,168.1404836,197.9567738,220.5119265,272.8833694,295.4385221,370.3651178
670,93.42757245,123.3122137,145.9190721,168.5259305,198.4105718,221.0174302,273.5089299,296.1157883,371.2141464
675,93.6400642,123.5926751,146.2509506,168.9092261,198.861837,221.5201125,274.1309989,296.7892743,372.0584362
680,93.85137871,123.8715827,146.5809904,169.2903981,199.3106021,222.0200097,274.7496214,297.4590291,372.8980484
685,94.06153107,124.1489564,146.9092151,169.6694738,199.7568991,222.5171578,275.3648418,298.1251005,373.7330432
690,94.27053609,124.4248158,147.2356478,170.0464799,200.2007596,223.0115916,275.9767034,298.7875354,374.5634792
695,94.47840829,124.69918,147.5603113,170.4214426,200.6422143,223.5033456,276.5852486,299.4463798,375.3894141
700,94.68516188,124.9720678,147.8832276,170.7943875,201.0812934,223.9924533,277.1905191,300.1016789,376.2109046
705,94.8908108,125.2434976,148.2044187,171.1653399,201.5180266,224.4789478,277.7925557,300.7534768,377.0280059
710,95.09536875,125.5134874,148.5239058,171.5343243,201.9524429,224.9628613,278.3913984,301.4018169,377.8407724
715,95.29884911,125.7820549,148.8417099,171.9013649,202.3845707,225.4442257,278.9870865,302.0467416,378.6492574
720,95.50126506,126.0492176,149.1578516,172.2664856,202.8144381,225.9230721,279.5796586,302.6882926,379.4535131
725,95.70262948,126.3149924,149.4723509,172.6297095,203.2420723,226.3994309,280.1691523,303.3265109,380.2535909
730,95.90295504,126.579396,149.7852277,172.9910594,203.6675004,226.8733321,280.7556048,303.9614365,381.0495409
735,96.10225416,126.8424448,150.0965014,173.3505579,204.0907486,227.3448051,281.3390523,304.5931089,381.8414126
740,96.30053902,127.104155,150.4061909,173.7082269,204.5118428,227.8138788,281.9195307,305.2215666,382.6292544
745,96.4978216,127.3645423,150.7143151,174.0640879,204.9308085,228.2805813,282.4970748,305.8468476,383.4131139
750,96.69411362,127.6236221,151.0208921,174.4181621,205.3476706,228.7449406,283.0717191,306.4689891,384.1930376
755,96.88942663,127.8814098,151.3259401,174.7704704,205.7624536,229.2069838,283.6434973,307.0880276,384.9690713
760,97.08377193,128.1379203,151.6294767,175.1210331,206.1751815,229.6667378,284.2124426,307.703999,385.7412601
765,97.27716065,128.3931682,151.9315192,175.4698703,206.5858778,230.1242289,284.7785875,308.3169385,386.5096481
770,97.46960369,128.6471679,152.2320848,175.8170017,206.9945659,230.5794828,285.3419639,308.9268807,387.2742787
775,97.66111178,128.8999336,152.5311901,176.1624466,207.4012684,231.0325249,285.9026032,309.5338597,388.0351945
780,97.85169544,129.1514792,152.8288516,176.506224,207.8060078,231.4833801,286.4605363,310.1379087,388.7924372
785,98.04136503,129.4018183,153.1250855,176.8483526,208.2088059,231.932073,287.0157934,310.7390606,389.5460481
790,98.23013071,129.6509644,153.4199076,177.1888507,208.6096844,232.3786275,287.5684044,311.3373475,390.2960675
795,98.41800246,129.8989306,153.7133335,177.5277363,209.0086645,232.8230673,288.1183984,311.9328012,391.042535
800,98.60499011,130.1457299,154.0053786,177.8650272,209.405767,233.2654156,288.6658041,312.5254527,391.7854898
805,98.79110329,130.3913751,154.2960579,178.2007407,209.8010125,233.7056953,289.2106499,313.1153327,392.5249701
810,98.97635149,130.6358786,154.5853862,178.5348939,210.194421,234.1439287,289.7529634,313.7024711,393.2610135
815,99.16074404,130.8792527,154.8733782,178.8675037,210.5860124,234.5801379,290.292772,314.2868975,393.9936572
820,99.3442901,131.1215095,155.1600481,179.1985866,210.975806,235.0143446,290.8301025,314.8686411,394.7229376
825,99.52699868,131.362661,155.4454099,179.5281588,211.3638212,235.4465701,291.3649813,315.4477302,395.4488904
830,99.70887864,131.6027189,155.7294776,179.8562364,211.7500766,235.8768354,291.8974344,316.0241931,396.1715509
835,99.8899387,131.8416946,156.0122648,180.182835,212.1345909,236.3051611,292.4274872,316.5980574,396.8909537
840,100.0701874,132.0795994,156.2937848,180.5079701,212.5173821,236.7315675,292.9551648,317.1693501,397.6071328
845,100.2496333,132.3164445,156.5740507,180.831657,212.8984682,237.1560745,293.4804919,317.7380982,398.3201219
850,100.4282845,132.5522408,156.8530757,181.1539105,213.2778669,237.5787017,294.0034929,318.3043277,399.0299537
855,100.6061493,132.7869992,157.1308723,181.4747455,213.6555954,237.9994685,294.5241915,318.8680647,399.7366609
860,100.7832357,133.0207301,157.4074533,181.7941764,214.0316708,238.4183939,295.0426114,319.4293345,400.4402752
865,100.9595516,133.2534441,157.6828308,182.1122174,214.4061099,238.8354965,295.5587757,319.9881623,401.140828
870,101.1351048,133.4851514,157.957017,182.4288826,214.7789292,239.2507948,296.072707,320.5445726,401.8383504
875,101.3099029,133.7158621,158.2300239,182.7441858,215.150145,239.6643068,296.5844279,321.0985897,402.5328726
880,101.4839534,133.9455862,158.5018634,183.0581405,215.5197733,240.0760505,297.0939604,321.6502376,403.2244247
885,101.6572639,134.1743333,158.7725468,183.3707603,215.8878297,240.4860432,297.6013261,322.1995396,403.913036
890,101.8298415,134.4021133,159.0420857,183.6820581,216.2543299,240.8943024,298.1065466,322.746519,404.5987357
895,102.0016935,134.6289355,159.3104913,183.9920471,216.6192891,241.3008449,298.6096428,323.2911986,405.2815522
900,102.1728269,134.8548094,159.5777747,184.30074,216.9827224,241.7056877,299.1106354,323.8336007,405.9615137
905,102.3432488,135.079744,159.8439466,184.6081492,217.3446444,242.1088471,299.6095449,324.3737475,406.6386479
910,102.512966,135.3037485,160.1090179,184.9142874,217.7050699,242.5103393,300.1063913,324.9116607,407.3129822
915,102.6819852,135.5268318,160.3729992,185.2191665,218.0640132,242.9101805,300.6011945,325.4473619,407.9845432
920,102.8503131,135.7490027,160.6359007,185.5227987,218.4214883,243.3083863,301.093974,325.980872,408.6533576
925,103.0179563,135.9702699,160.8977328,185.8251958,218.7775094,243.7049723,301.5847489,326.5122118,409.3194513
930,103.1849212,136.1906418,161.1585056,186.1263694,219.13209,244.0999538,302.0735382,327.041402,409.9828502
935,103.3512142,136.4101269,161.418229,186.426331,219.4852437,244.4933458,302.5603605,327.5684626,410.6435794
940,103.5168416,136.6287335,161.6769127,186.725092,219.8369839,244.8851631,303.0452342,328.0934135,411.3016639
945,103.6818096,136.8464697,161.9345666,187.0226635,220.1873236,245.2754205,303.5281775,328.6162744,411.9571282
950,103.8461242,137.0633436,162.1912,187.3190565,220.5362758,245.6641323,304.0092081,329.1370645,412.6099967
955,104.0097915,137.2793631,162.4468224,187.6142818,220.8838533,246.0513127,304.4883436,329.6558029,413.2602931
960,104.1728174,137.494536,162.701443,187.9083501,221.2300687,246.4369757,304.9656013,330.1725084,413.908041
965,104.3352077,137.70887,162.955071,188.2012719,221.5749342,246.8211352,305.4409984,330.6871994,414.5532636
970,104.4969682,137.9223727,163.2077152,188.4930576,221.9184622,247.2038047,305.9145517,331.1998942,415.1959836
975,104.6581045,138.1350517,163.4593846,188.7837175,222.2606647,247.5849976,306.3862777,331.7106107,415.8362237
980,104.8186222,138.3469142,163.7100879,189.0732616,222.6015535,247.9647273,306.8561929,332.2193667,416.4740061
985,104.9785269,138.5579675,163.9598337,189.3616999,222.9411405,248.3430066,307.3243134,332.7261796,417.1093526
990,105.137824,138.7682188,164.2086305,189.6490421,223.279437,248.7198486,307.7906551,333.2310667,417.7422848
995,105.2965188,138.9776753,164.4564866,189.9352979,223.6164545,249.0952658,308.2552336,333.734045,418.3728241
1000,105.4546166,139.1863438,164.7034104,190.220477,223.9522042,249.4692708,308.7180645,334.2351311,419.0009915
1005,105.6121227,139.3942313,164.9494099,190.5045886,224.2866972,249.8418758,309.1791631,334.7343417,419.6268076
1010,105.7690421,139.6013445,165.1944933,190.787642,224.6199444,250.2130932,309.6385443,335.2316931,420.2502929
1015,105.92538,139.8076902,165.4386683,191.0696465,224.9519566,250.5829348,310.096223,335.7272012,420.8714676
1020,106.0811414,140.0132749,165.6819429,191.350611,225.2827444,250.9514125,310.552214,336.220882,421.4903516
1025,106.2363312,140.2181051,165.9243247,191.6305444,225.6123183,251.3185379,311.0065315,336.7127511,422.1069644
1030,106.3909542,140.4221874,166.1658214,191.9094555,225.9406887,251.6843227,311.45919,337.202824,422.7213253
1035,106.5450153,140.6255279,166.4064405,192.187353,226.2678656,252.0487782,311.9102034,337.6911159,423.3334536
1040,106.6985192,140.8281331,166.6461893,192.4642455,226.5938593,252.4119156,312.3595856,338.1776418,423.9433681
1045,106.8514706,141.030009,166.8850752,192.7401413,226.9186797,252.7737459,312.8073504,338.6624166,424.5510873
1050,107.0038742,141.2311618,167.1231053,193.0150489,227.2423365,253.1342801,313.2535113,339.1454548,425.1566295
1055,107.1557344,141.4315974,167.3602869,193.2889764,227.5648395,253.4935289,313.6980815,339.626771,425.760013
1060,107.3070557,141.6313219,167.5966269,193.5619319,227.8861981,253.8515031,314.1410743,340.1063793,426.3612555
1065,107.4578427,141.830341,167.8321323,193.8339235,228.2064219,254.2082131,314.5825027,340.584294,426.9603748
1070,107.6080997,142.0286606,168.0668099,194.1049591,228.5255201,254.5636693,315.0223795,341.0605287,427.5573882
1075,107.7578309,142.2262864,168.3006664,194.3750464,228.8435019,254.9178819,315.4607174,341.5350974,428.1523128
1080,107.9070408,142.423224,168.5337086,194.6441932,229.1603764,255.270861,315.8975288,342.0080134,428.7451658
1085,108.0557335,142.6194789,168.765943,194.9124071,229.4761525,255.6226166,316.3328261,342.4792902,429.3359638
1090,108.2039131,142.8150567,168.9973761,195.1796955,229.7908392,255.9731586,316.7666216,342.948941,429.9247234
1095,108.3515838,143.0099628,169.2280144,195.446066,230.104445,256.3224966,317.1989272,343.4169788,430.5114609
1100,108.4987497,143.2042026,169.4578642,195.7115258,230.4169787,256.6706403,317.6297548,343.8834164,431.0961925
1105,108.6454147,143.3977813,169.6869317,195.9760822,230.7284487,257.0175992,318.0591162,344.3482666,431.6789341
1110,108.7915828,143.5907041,169.9152232,196.2397422,231.0388635,257.3633826,318.4870229,344.8115419,432.2597013
1115,108.937258,143.7829763,170.1427447,196.502513,231.3482314,257.7079997,318.9134864,345.2732548,432.8385098
1120,109.082444,143.974603,170.3695023,196.7644016,231.6565605,258.0514598,319.3385181,345.7334174,433.4153749
1125,109.2271447,144.1655891,170.5955019,197.0254147,231.963859,258.3937719,319.762129,346.1920418,433.9903118
1130,109.3713639,144.3559396,170.8207494,197.2855593,232.2701349,258.7349447,320.1843302,346.6491401,434.5633354
1135,109.5151053,144.5456595,171.0452507,197.5448419,232.5753961,259.0749873,320.6051327,347.1047239,435.1344605
1140,109.6583725,144.7347535,171.2690114,197.8032693,232.8796503,259.4139082,321.0245471,347.558805,435.7037017
1145,109.8011693,144.9232266,171.4920373,198.060848,233.1829053,259.7517161,321.4425841,348.0113948,436.2710735
1150,109.9434991,145.1110834,171.714334,198.3175845,233.4851688,260.0884194,321.8592542,348.4625048,436.8365902
1155,110.0853656,145.2983287,171.9359069,198.5734852,233.7864483,260.4240265,322.2745678,348.9121461,437.4002657
1160,110.2267722,145.4849669,172.1567616,198.8285563,234.0867511,260.7585458,322.6885352,349.3603299,437.9621141
1165,110.3677224,145.6710028,172.3769035,199.0828042,234.3860847,261.0919854,323.1011665,349.8070672,438.5221491
1170,110.5082196,145.8564408,172.596338,199.3362351,234.6844563,261.4243534,323.5124717,350.2523688,439.0803843
1175,110.6482673,146.0412855,172.8150702,199.5888549,234.9818731,261.7556578,323.9224608,350.6962455,439.6368331
1180,110.7878686,146.2255411,173.0331054,199.8406698,235.2783422,262.0859066,324.3311434,351.1387077,440.1915089
1185,110.9270271,146.4092121,173.2504489,200.0916857,235.5738707,262.4151075,324.7385293,351.5797661,440.7444247
1190,111.0657458,146.5923028,173.4671056,200.3419085,235.8684654,262.7432683,325.144628,352.0194309,441.2955935
1195,111.2040281,146.7748174,173.6830807,200.591344,236.1621332,263.0703965,325.5494491,352.4577124,441.8450282
1200,111.3418772,146.9567602,173.8983791,200.839998,236.4548809,263.3964999,325.9530017,352.8946206,442.3927414
1205,111.4792961,147.1381352,174.1130057,201.0878761,236.7467152,263.7215857,326.3552952,353.3301657,442.9387457
1210,111.6162881,147.3189467,174.3269654,201.3349841,237.0376428,264.0456614,326.7563388,353.7643574,443.4830534
1215,111.7528561,147.4991988,174.5402631,201.5813274,237.32767,264.3687343,327.1561413,354.1972056,444.0256769
1220,111.8890033,147.6788953,174.7529034,201.8269115,237.6168035,264.6908116,327.5547117,354.6287199,444.5666281
1225,112.0247327,147.8580403,174.9648911,202.071742,237.9050496,265.0119005,327.952059,355.0589098,445.1059191
1230,112.1600471,148.0366378,175.1762309,202.3158241,238.1924147,265.3320079,328.3481917,355.4877848,445.6435618
1235,112.2949497,148.2146916,175.3869274,202.5591632,238.478905,265.6511408,328.7431185,355.9153543,446.1795678
1240,112.4294432,148.3922055,175.596985,202.8017645,238.7645268,265.9693062,329.136848,356.3416274,446.7139487
1245,112.5635307,148.5691835,175.8064083,203.0436332,239.049286,266.2865109,329.5293885,356.7666134,447.2467159
1250,112.6972148,148.7456291,176.0152018,203.2847745,239.3331888,266.6027615,329.9207485,357.1903212,447.7778809
1255,112.8304985,148.9215462,176.2233699,203.5251935,239.6162412,266.9180648,330.3109361,357.6127598,448.3074547
1260,112.9633846,149.0969385,176.4309168,203.7648952,239.8984491,267.2324274,330.6999596,358.033938,448.8354485
1265,113.0958757,149.2718095,176.637847,204.0038845,240.1798183,267.5458558,331.087827,358.4538645,449.3618733
1270,113.2279747,149.4461629,176.8441647,204.2421664,240.4603546,267.8583563,331.4745463,358.872548,449.8867397
1275,113.3596842,149.6200023,177.049874,204.4797457,240.7400638,268.1699356,331.8601254,359.2899971,450.4100587
1280,113.4910068,149.793331,177.2549792,204.7166273,241.0189516,268.4805997,332.2445721,359.7062202,450.9318407
1285,113.6219453,149.9661528,177.4594844,204.952816,241.2970234,268.790355,332.6278941,360.1212257,451.4520964
1290,113.7525022,150.1384709,177.6633936,205.1883163,241.574285,269.0992077,333.0100991,360.5350218,451.9708359
1295,113.8826802,150.3102888,177.866711,205.4231331,241.8507417,269.4071639,333.3911947,360.9476168,452.4880697
1300,114.0124817,150.4816099,178.0694404,205.6572709,242.1263991,269.7142296,333.7711882,361.3590187,453.0038079
1305,114.1419094,150.6524375,178.2715859,205.8907342,242.4012624,270.0204108,334.1500873,361.7692356,453.5180605
1310,114.2709656,150.822775,178.4731513,206.1235277,242.675337,270.3257134,334.5278991,362.1782754,454.0308375
1315,114.399653,150.9926255,178.6741406,206.3556557,242.9486282,270.6301433,334.9046309,362.586146,454.5421487
1320,114.5279739,151.1619923,178.8745575,206.5871226,243.2211411,270.9337063,335.2802899,362.9928551,455.0520038
1325,114.6559307,151.3308787,179.0744058,206.817933,243.492881,271.2364081,335.6548832,363.3984103,455.5604126
1330,114.783526,151.4992878,179.2736894,207.048091,243.7638528,271.5382544,336.0284178,363.8028195,456.0673845
1335,114.9107619,151.6672227,179.4724118,207.277601,244.0340617,271.8392509,336.4009008,364.2060899,456.572929
1340,115.037641,151.8346865,179.6705768,207.5064672,244.3035127,272.139403,336.7723388,364.6082292,457.0770554
1345,115.1641655,152.0016823,179.868188,207.7346938,244.5722106,272.4387163,337.1427389,365.0092446,457.5797729
1350,115.2903377,152.1682132,180.0652491,207.9622849,244.8401604,272.7371963,337.5121077,365.4091436,458.0810908
1355,115.4161599,152.3342821,180.2617635,208.1892448,245.107367,273.0348483,337.8804519,365.8079332,458.5810181
1360,115.5416344,152.4998921,180.4577347,208.4155774,245.3738351,273.3316777,338.247778,366.2056207,459.0795637
1365,115.6667634,152.665046,180.6531664,208.6412868,245.6395694,273.6276898,338.6140928,366.6022131,459.5767365
1370,115.7915491,152.8297469,180.8480619,208.8663769,245.9045747,273.9228897,338.9794025,366.9977175,460.0725453
1375,115.9159937,152.9939975,181.0424246,209.0908518,246.1688556,274.2172827,339.3437137,367.3921408,460.5669989
1380,116.0400994,153.1578008,181.236258,209.3147153,246.4324167,274.5108739,339.7070326,367.7854898,461.0601057
1385,116.1638682,153.3211596,181.4295654,209.5379712,246.6952626,274.8036684,340.0693656,368.1777714,461.5518745
1390,116.2873025,153.4840767,181.6223501,209.7606236,246.9573978,275.0956712,340.4307189,368.5689924,462.0423135
1395,116.4104041,153.6465548,181.8146154,209.982676,247.2188267,275.3868873,340.7910986,368.9591592,462.5314311
1400,116.5331753,153.8085968,182.0063646,210.2041324,247.4795538,275.6773216,341.1505109,369.3482787,463.0192357
1405,116.6556181,153.9702052,182.1976008,210.4249963,247.7395835,275.966979,341.5089617,369.7363572,463.5057355
1410,116.7777345,154.131383,182.3883272,210.6452715,247.99892,276.2558643,341.8664571,370.1234014,463.9909384
1415,116.8995265,154.2921326,182.5785471,210.8649617,248.2575678,276.5439823,342.2230029,370.5094175,464.4748527
1420,117.0209962,154.4524568,182.7682636,211.0840704,248.515531,276.8313378,342.5786051,370.894412,464.9574861
1425,117.1421456,154.6123581,182.9574797,211.3026012,248.7728138,277.1179354,342.9332695,371.278391,465.4388467
1430,117.2629765,154.7718392,183.1461985,211.5205578,249.0294205,277.4037797,343.2870017,371.661361,465.9189422
1435,117.383491,154.9309026,183.3344231,211.7379435,249.2853551,277.6888755,343.6398076,372.043328,466.3977804
1440,117.503691,155.0895509,183.5221564,211.9547618,249.5406218,277.9732272,343.9916926,372.4242981,466.8753689
